{
	"offset": {
		"default": 1.937125e+01
	},
	"hp_f": {
		"default": 1.110027e+02
	},
	"lp_f": {
		"default": 1.099876e+04
	},
	"scoop_f": {
		"default": 9.509019e+02
	},
	"scoop_l": {
		"default": -1.529571e+01
	},
	"scoop_b": {
		"default": 2.799926e+03
	},
	"shelf_f": {
		"default": 5.600000e+03
	},
	"shelf_l": {
		"default": -3.002781e+01
	},
	"peak_1_f": {
		"default": 6.000000e+02
	},
	"peak_1_l": {
		"default": -2.500029e+01
	},
	"peak_1_b": {
		"default": 2.993194e+01
	},
	"peak_2_f": {
		"default": 6.400000e+02
	},
	"peak_2_l": {
		"default": 1.597118e+01
	},
	"peak_2_b": {
		"default": 1.000074e+02
	},
	"peak_3_f": {
		"default": 1.120000e+03
	},
	"peak_3_l": {
		"default": -1.507867e+01
	},
	"peak_3_b": {
		"default": 4.999785e+01
	},
	"peak_4_f": {
		"default": 1.180000e+03
	},
	"peak_4_l": {
		"default": 8.909575e+00
	},
	"peak_4_b": {
		"default": 1.599996e+02
	},
	"peak_5_f": {
		"default": 1.660000e+03
	},
	"peak_5_l": {
		"default": -3.531785e+00
	},
	"peak_5_b": {
		"default": 7.901408e+02
	},
	"peak_6_f": {
		"default": 3.050000e+03
	},
	"peak_6_l": {
		"default": -9.011323e+00
	},
	"peak_6_b": {
		"default": 3.309512e+02
	},
	"peak_7_f": {
		"default": 3.800000e+03
	},
	"peak_7_l": {
		"default": -5.999392e+00
	},
	"peak_7_b": {
		"default": 7.499988e+02
	},
	"peak_8_f": {
		"default": 7.200000e+03
	},
	"peak_8_l": {
		"default": -2.999869e+01
	},
	"peak_8_b": {
		"default": 1.999953e+02
	},
	"peak_9_f": {
		"default": 2.300000e+03
	},
	"peak_9_l": {
		"default": 3.000100e+00
	},
	"peak_9_b": {
		"default": 7.500001e+02
	},
	"peak_10_f": {
		"default": 4.900000e+03
	},
	"peak_10_l": {
		"default": -4.999868e+00
	},
	"peak_10_b": {
		"default": 1.000935e+03
	},
	"brightness": {
		"default": 0.000000e+00
	},
	"distance": {
		"default": 0.000000e+00
	},
	"dynamic": {
		"transform": "uscale(x, 0.0f, 1.0f)"
	},
	"dynamic_level": {
		"transform": "ulscale(x, 0.5f, 2.0f)"
	}
}